spring_fawn_count,adult_antelope_population,annual_precipitation,winter_severity_index
2.900000095,9.199999809,13.19999981,2.0
2.400000095,8.699999809,11.5,3.0
2.0,7.1999998089999995,10.80000019,4.0
2.299999952,8.5,12.30000019,2.0
3.200000048,9.6,12.60000038,3.0
1.899999976,6.8000001910000005,10.60000038,5.0
3.400000095,9.699999809,14.10000038,1.0
2.099999905,7.900000095,11.19999981,3.0
